timestamp;accel_lon;accel_trans;accel_z
342351.331075286;-0.9382247924804688;0.27134552001953127;-9.77276611328125
342351.427022552;-0.90496826171875;0.35054931640625;-9.56267852783203
342351.522908782;-1.0736602783203124;0.5673385620117187;-9.644512939453126
342351.618795013;-0.9920669555664062;0.675494384765625;-9.655998229980469
342351.714711761;-0.9810577392578125;0.49555206298828125;-9.510752868652343
342351.810628509;-0.9456436157226562;0.363470458984375;-9.477253723144532
342351.906514739;-0.9528228759765625;0.36107635498046875;-9.434661865234375
342352.002431487;-1.0353729248046875;0.265362548828125;-9.43585662841797
342352.098348235;-0.982257080078125;0.078009033203125;-9.499266052246094
342352.194234466;-0.9927841186523437;0.1744384765625;-9.520086669921875
342352.290151214;-0.9025726318359375;0.34073944091796876;-9.473902893066406
342352.386067962;-0.9458816528320313;0.3007781982421875;-9.494482421875
342352.481954192;-1.0064178466796876;0.2577056884765625;-9.414083862304688
342352.57787094;-0.9274551391601562;0.17969818115234376;-9.296597290039063
342352.673757171;-0.9760330200195313;0.02225189208984375;-9.469354248046875
342352.769673919;-0.9458816528320313;0.0007171630859375;-9.496635437011719
342352.865590667;-0.9784271240234375;0.1414154052734375;-9.517930603027343
342352.961476897;-0.9190841674804687;0.04474639892578125;-9.314303588867187
342353.057393645;-1.0102493286132812;-0.09380035400390625;-9.520802307128907
342353.153310394;-1.0420745849609374;-0.03325958251953125;-9.605506896972656
342353.249196624;-0.839642333984375;-0.13615264892578124;-9.584211730957032
342353.345113372;-1.0480560302734374;-0.0713043212890625;-9.425088500976562
342353.44103012;-0.9659820556640625;0.04546356201171875;-9.399246215820312
342353.536916351;-1.0037887573242188;0.099542236328125;-9.403073120117188
342353.632802581;-1.0013931274414063;0.0083740234375;-9.615318298339844
342353.728749847;-1.0401611328125;-0.134716796875;-9.720124816894531
342353.824636077;-0.9777084350585937;-0.0179473876953125;-9.64044189453125
342353.920522308;-0.8848678588867187;-0.00526275634765625;-9.52391357421875
342354.016469573;-1.0023544311523438;-0.037091064453125;-9.349478149414063
342354.112355804;-0.9860809326171875;-0.04857330322265625;-9.551669311523437
342354.208242034;-1.0045059204101563;-0.0559906005859375;-9.506205749511718
342354.304158782;-0.9801025390625;-0.0004791259765625;-9.691412353515625
342354.40007553;-0.9561721801757812;0.0179473876953125;-9.595220947265625
342354.495961761;-1.06121826171875;-0.086138916015625;-9.763912963867188
342354.591878509;-0.9556930541992188;-0.11581268310546874;-9.604072570800781
342354.687795257;-1.0258026123046875;-0.083990478515625;-9.628240966796875
342354.783681487;-1.0119232177734374;-0.13399658203125;-9.518647766113281
342354.879598235;-1.0779678344726562;-0.07800750732421875;-9.554541015625
342354.975514983;-0.9932601928710938;-0.06077728271484375;-9.414321899414062
342355.071401214;-1.0037887573242188;-0.10552520751953125;-9.511471557617188
342355.167317962;-1.0806015014648438;-0.03469696044921875;-9.588519287109374
342355.263204192;-1.1569290161132812;-0.15457611083984374;-9.690931701660157
342355.35912094;-0.99014892578125;-0.183050537109375;-9.691409301757812
342355.455037688;-0.890130615234375;-0.13423614501953124;-9.504290771484374
342355.550923919;-1.0913681030273437;-0.02273101806640625;-9.51195068359375
342355.646840667;-1.116729736328125;0.044744873046875;-9.650016784667969
342355.742757415;-1.0219741821289063;-0.1390228271484375;-9.575836181640625
342355.838643645;-0.9863204956054688;-0.0768096923828125;-9.50812225341797
342355.934529876;-0.90927734375;-0.07537078857421875;-9.5605224609375
342356.030477142;-1.159320068359375;-0.04115447998046875;-9.513862609863281
342356.126363372;-1.0786865234375;-0.0356536865234375;-9.480844116210937
342356.222249602;-0.9023345947265625;-0.09284210205078125;-9.434420776367187
342356.318196868;-1.0281967163085937;-0.10241241455078125;-9.517691040039063
342356.414083099;-1.1880355834960938;-0.13016815185546876;-9.633982849121093
342356.509969329;-1.3533798217773438;-0.03014678955078125;-10.051054382324219
342356.605916595;-0.7992034912109375;-0.07178497314453125;-9.947441101074219
342356.701811604;-0.900897216796875;-0.1741973876953125;-9.888340759277344
342356.797697835;-0.9547348022460938;-0.09451751708984375;-9.528219604492188
342356.893614583;-0.943011474609375;0.13806610107421874;-9.209257507324219
342356.989531331;-1.038726806640625;0.11437835693359374;-9.09703369140625
342357.085417561;-0.964306640625;0.017230224609375;-9.331527709960938
342357.181334309;-1.0286758422851563;-0.16175384521484376;-9.337989807128906
342357.277251057;-1.0956756591796875;-0.4206573486328125;-9.527261352539062
342357.373137288;-1.12965087890625;-0.32087554931640627;-9.874223327636718
342357.469054036;-0.938226318359375;-0.1153350830078125;-9.857232666015625
342357.564940266;-0.9446884155273437;-0.0593414306640625;-9.474620056152343
342357.660857014;-0.9643096923828125;0.0330230712890625;-9.185568237304688
342357.756773762;-1.1784652709960937;0.09571533203125;-9.429156494140624
342357.852659993;-1.13468017578125;0.03110504150390625;-9.62871856689453
342357.948576741;-1.19210205078125;-0.2163116455078125;-9.729696655273438
342358.044493489;-0.9760299682617187;0.03732757568359375;-9.842636108398438
342358.140379719;-0.9765106201171875;0.12777862548828126;-9.725627136230468
342358.23626595;-1.0463821411132812;0.0138763427734375;-9.491848754882813
342358.332213215;-1.05643310546875;-0.00358734130859375;-9.289894104003906
342358.428099446;-1.1090744018554688;-0.22373046875;-9.428199768066406
342358.523985676;-1.047100830078125;-0.20745697021484374;-9.6808837890625
342358.619932942;-1.158843994140625;-0.07920379638671875;-9.773963928222656
342358.715819173;-0.9372711181640625;-0.03708953857421875;-9.643795776367188
342358.811705403;-1.0949539184570312;0.1122222900390625;-9.694041442871093
342358.907622151;-1.216033935546875;-0.11963958740234375;-9.885948181152344
342359.003538899;-0.9119064331054687;-0.25339813232421876;-9.581819152832031
342359.09942513;-0.9016143798828125;-0.19262237548828126;-9.354499816894531
342359.195341878;-1.04183349609375;-0.0602996826171875;-9.516255187988282
342359.291258626;-1.069354248046875;-0.0251251220703125;-9.383216857910156
342359.387144856;-1.0865798950195313;-0.0650848388671875;-9.498309326171874
342359.483061604;-0.89515380859375;-0.089971923828125;-9.4210205078125
342359.578947835;-1.1114669799804688;-0.03397674560546875;-9.646902465820313
342359.6748951;-1.0691116333007813;-0.06675872802734376;-9.675379943847656
342359.770781331;-1.0384872436523438;-0.01507568359375;-9.621299743652344
342359.866667561;-0.9987655639648437;-0.04115753173828125;-9.574639892578125
342359.962614827;-0.9963714599609375;0.01124725341796875;-9.552627563476562
342360.058501057;-1.1674575805664062;0.1653472900390625;-9.47342529296875
342360.154387288;-0.9949371337890625;0.010528564453125;-9.58756103515625
342360.250304036;-1.0669586181640625;-0.10791778564453125;-9.840962219238282
342360.346220784;-1.0047470092773438;0.0179443359375;-9.710791015625
342360.442107014;-0.8956329345703125;0.049530029296875;-9.422218322753906
342360.538023762;-0.9987625122070313;0.0507293701171875;-9.441120910644532
342360.63394051;-1.1370681762695312;0.0715423583984375;-9.650254821777343
342360.729826741;-0.9985244750976563;-0.05359954833984375;-9.617951965332031
342360.825743489;-0.9346343994140625;-0.19238433837890626;-9.466964721679688
342360.921629719;-1.07437744140625;-0.02344818115234375;-9.59521942138672
342361.017546467;-1.142572021484375;-0.0251251220703125;-9.67418212890625
342361.113463215;-1.0427902221679688;-0.0701080322265625;-9.527265930175782
342361.209349446;-1.022454833984375;-0.0088531494140625;-9.517454528808594
342361.305266194;-1.0535629272460938;-0.11126861572265626;-9.726106262207031
342361.401182942;-1.037530517578125;-0.1952545166015625;-9.636613464355468
342361.497069173;-1.0423171997070313;-0.1830474853515625;-9.510992431640625
342361.592955403;-1.06480712890625;-0.0581451416015625;-9.701939392089844
342361.688902669;-1.013360595703125;-0.0289520263671875;-9.542575073242187
342361.784788899;-1.0770095825195312;-0.16725921630859375;-9.486585998535157
342361.88067513;-0.9767501831054688;-0.038763427734375;-9.38441162109375
342361.976591878;-1.0963912963867188;-0.067236328125;-9.578948974609375
342362.072508626;-1.1535781860351562;-0.1134185791015625;-9.534442138671874
342362.168394856;-0.96622314453125;-0.1191619873046875;-9.534443664550782
342362.264311604;-1.0547531127929688;-0.11629180908203125;-9.603594970703124
342362.360228352;-1.1047698974609375;-0.1962127685546875;-9.871827697753906
342362.456114583;-0.9547348022460938;-0.0229705810546875;-9.834503173828125
342362.552031331;-0.8063796997070313;0.0988250732421875;-9.429156494140624
342362.647948079;-1.1229507446289062;-0.01698760986328125;-9.494004821777343
342362.743834309;-1.1234298706054688;-0.118682861328125;-9.512190246582032
342362.839751057;-1.0796417236328124;-0.0981048583984375;-9.595695495605469
342362.935637288;-0.9537796020507813;-0.07633056640625;-9.551429748535156
342363.031554036;-0.9784225463867188;-0.11102752685546875;-9.594500732421874
342363.127470784;-1.0470993041992187;-0.02631988525390625;-9.611970520019531
342363.223357014;-0.9497100830078125;0.0555145263671875;-9.587800598144531
342363.319273762;-1.0449478149414062;0.0368499755859375;-9.643313598632812
342363.41519051;-0.993975830078125;-0.129931640625;-9.549517822265624
342363.511076741;-0.9867996215820313;0.11557464599609375;-9.300184631347657
342363.606962971;-1.2911666870117187;0.1251434326171875;-9.764633178710938
342363.702910237;-0.7788650512695312;-0.23832550048828124;-9.635177612304688
342363.798796467;-0.9992431640625;-0.16079864501953126;-9.379864501953126
342363.894682698;-1.0466217041015624;-0.00957183837890625;-9.636375427246094
342363.990629964;-1.0786834716796876;0.326141357421875;-10.072825622558593
342364.086516194;-0.7759918212890625;0.5036911010742188;-9.657672119140624
342364.182402424;-0.9590438842773438;0.42760009765625;-9.422219848632812
342364.278319173;-0.915252685546875;0.22540435791015626;-9.43633575439453
342364.374235921;-1.0210174560546874;0.04594268798828125;-9.567463684082032
342364.470122151;-0.6955947875976562;0.1952545166015625;-9.410255432128906
342364.566038899;-0.9482757568359375;0.27660980224609377;-9.448777770996093
342364.661955647;-0.9384658813476563;0.33547210693359375;-9.531568908691407
342364.757841878;-0.9597610473632813;0.43094940185546876;-9.598809814453125
342364.853758626;-0.9145355224609375;0.4709075927734375;-9.605030822753907
342364.949644856;-0.8568695068359375;0.37902374267578126;-9.508840942382813
342365.045561604;-1.0356124877929687;0.5300094604492187;-9.76056365966797
342365.141478352;-0.6809967041015625;0.5838470458984375;-9.596174621582032
342365.237364583;-0.8025527954101562;0.4204193115234375;-9.565548706054688
342365.333281331;-0.9987640380859375;0.29312286376953123;-9.339666748046875
342365.429198079;-0.9171707153320312;0.33666839599609377;-9.419586181640625
342365.525084309;-0.9669387817382813;0.2983856201171875;-9.623216247558593
342365.62097054;-1.0844268798828125;0.35509490966796875;-9.847181701660157
342365.716917805;-0.7831695556640625;0.42424774169921875;-9.691171264648437
342365.812804036;-0.814276123046875;0.41060791015625;-9.563632202148437
342365.908690266;-1.0358535766601562;0.1265777587890625;-9.690214538574219
342366.004637532;-0.9623931884765625;-0.0543182373046875;-9.79334716796875
342366.100523762;-0.7580459594726563;-0.01602935791015625;-9.620106506347657
342366.196409993;-0.7963302612304688;-0.0040679931640625;-9.570335388183594
342366.292326741;-0.9312881469726563;0.069390869140625;-9.407383728027344
342366.388243489;-0.9317672729492188;-0.036370849609375;-9.485150146484376
342366.484129719;-0.8879776000976562;-0.0605377197265625;-9.67657470703125
342366.580046467;-0.8829513549804687;-0.17084808349609376;-9.464810180664063
342366.675957841;-0.79417724609375;-0.09666748046875;-9.321241760253907
342366.771844072;-0.9475601196289063;-0.1639068603515625;-9.68135986328125
342366.86776082;-0.748236083984375;-0.2103271484375;-9.42772216796875
342366.96364705;-0.9832122802734375;-0.16199188232421874;-9.580381774902344
342367.059563799;-0.8697906494140625;-0.44027862548828123;-9.719168090820313
342367.155480547;-0.9422958374023438;-0.2847442626953125;-9.690216064453125
342367.251366777;-1.0195816040039063;-0.105523681640625;-9.763194274902343
342367.347283525;-0.7745574951171875;-0.00167388916015625;-9.747406005859375
342367.443200273;-0.9896713256835937;-0.338824462890625;-9.690934753417968
342367.539086504;-0.9226730346679688;-0.066998291015625;-9.560044860839843
342367.634972734;-0.9686141967773437;0.078961181640625;-9.61771240234375
342367.73092;-0.9805770874023437;-0.07633056640625;-9.324591064453125
342367.82680623;-1.0353729248046875;-0.12681884765625;-9.560762023925781
342367.922692461;-1.0877761840820312;-0.2589019775390625;-9.629437255859376
342368.018639726;-0.8470596313476563;-0.11246337890625;-9.588755798339843
342368.114525957;-0.8999374389648438;-0.0624542236328125;-9.267642211914062
342368.210412187;-1.1286956787109375;-0.04857330322265625;-9.626325988769532
342368.306328935;-1.0487747192382812;-0.27110748291015624;-9.742617797851562
342368.402245683;-1.00235595703125;-0.15840301513671876;-9.735919189453124
342368.498131914;-0.9288925170898438;-0.27254180908203124;-9.520323181152344
342368.594048662;-1.0009201049804688;-0.23354034423828124;-9.632783508300781
342368.68996541;-0.8650054931640625;-0.043310546875;-9.541860961914063
342368.78585164;-1.0504486083984375;-0.01914520263671875;-9.687101745605469
342368.881768388;-1.0566726684570313;-0.28905181884765624;-9.674664306640626
342368.977654619;-0.8080551147460937;-0.10073699951171874;-9.581819152832031
342369.073571367;-0.8429901123046875;-0.1612762451171875;-9.462896728515625
342369.169488115;-0.9554550170898437;-0.24574432373046876;-9.467918395996094
342369.265374345;-1.0624130249023438;-0.045703125;-9.648579406738282
342369.361260576;-0.9494735717773437;-0.247418212890625;-9.789277648925781
342369.457207841;-0.846820068359375;-0.146441650390625;-9.655755615234375
342369.553094072;-0.8037490844726562;-0.132562255859375;-9.559088134765625
342369.648980302;-1.0346572875976563;-0.18424530029296876;-9.563156127929688
342369.744927568;-0.927935791015625;-0.30197601318359374;-9.464332580566406
342369.840813799;-0.7913055419921875;-0.180419921875;-9.455001831054688
342369.936700029;-1.0573883056640625;-0.37926025390625;-9.62560577392578
342370.032647295;-0.89874267578125;-0.4357330322265625;-9.569136047363282
342370.128533525;-0.9099884033203125;-0.406781005859375;-9.814639282226562
342370.224419756;-0.9736419677734375;-0.4625335693359375;-9.723233032226563
342370.320336504;-0.7941787719726563;-0.385723876953125;-9.584451293945312
342370.416253252;-0.9183639526367188;-0.297906494140625;-9.3947021484375
342370.512139482;-1.01312255859375;-0.4869384765625;-9.4210205078125
342370.60805623;-0.770965576171875;-0.6233306884765625;-9.341822814941406
342370.703972978;-1.227276611328125;-0.5637496948242188;-9.838093566894532
342370.799859209;-0.7396194458007812;-0.560400390625;-9.697390747070312
342370.895775957;-0.9355941772460937;-0.39194183349609374;-9.463136291503906
342370.991662187;-1.0320236206054687;-0.2593841552734375;-9.564349365234374
342371.087578935;-1.0480560302734374;-0.1574462890625;-9.458349609375
342371.183495683;-0.9891921997070312;-0.1287322998046875;-9.53109130859375
342371.279381914;-1.1021331787109374;-0.5558517456054688;-9.805070495605468
342371.375298662;-0.9470809936523438;-0.6946365356445312;-9.605027770996093
342371.47121541;-1.0971115112304688;-0.6142379760742187;-9.577513122558594
342371.56710164;-1.129888916015625;-0.19884185791015624;-9.529893493652343
342371.662987871;-1.1105087280273438;0.03756866455078125;-9.466485595703125
342371.758935136;-1.1093124389648437;-0.1004974365234375;-9.561479187011718
342371.854821367;-1.0090530395507813;-0.2399993896484375;-9.366943359375
342371.950707597;-1.0607391357421876;-0.44674224853515626;-9.512188720703126
342372.046654863;-1.23780517578125;-0.1942962646484375;-9.939065551757812
342372.142541093;-0.9317657470703125;-0.16414794921875;-9.783535766601563
342372.238427324;-1.0377685546875;-0.23210296630859376;-9.680642700195312
342372.334344072;-1.1586074829101562;-0.25531768798828125;-9.487303161621094
342372.43026082;-1.0303512573242188;-0.193341064453125;-9.383694458007813
342372.52614705;-1.1526260375976562;-0.128973388671875;-9.643792724609375
342372.622063799;-1.0425521850585937;-0.06221466064453125;-9.490653991699219
342372.717980547;-1.07078857421875;0.07154541015625;-9.483473205566407
342372.813866777;-1.0882568359375;-0.0684356689453125;-9.66748046875
342372.909783525;-1.0176651000976562;-0.0191436767578125;-9.576075744628906
342373.005669756;-0.9827346801757812;0.19142608642578124;-9.587081909179688
342373.101586504;-1.1983245849609374;0.0485748291015625;-9.534681701660157
342373.197503252;-1.1533416748046874;-0.3242279052734375;-9.631111145019531
342373.293389482;-1.1073989868164062;-0.21631317138671874;-9.808657836914062
342373.38930623;-1.0772476196289062;-0.1225128173828125;-9.827084350585938
342373.485222978;-1.1411376953125;0.08470611572265625;-9.732807922363282
342373.581109209;-1.1152938842773437;0.1105499267578125;-9.70385284423828
342373.676995439;-1.0088134765625;0.030389404296875;-9.460740661621093
342373.772942705;-1.0686325073242187;0.09451446533203126;-9.509077453613282
342373.868828935;-1.1629104614257812;0.0378082275390625;-9.576077270507813
342373.964715166;-1.1026123046875;0.08135528564453125;-9.5894775390625
342374.060662431;-1.1181686401367188;0.221337890625;-9.716055297851563
342374.156548662;-1.1071609497070312;0.15457611083984374;-9.53826904296875
342374.252434892;-1.1215194702148437;0.05933990478515625;-9.438487243652343
342374.348382158;-1.2;0.0155548095703125;-9.650970458984375
342374.444268388;-1.0851455688476563;0.06364898681640625;-9.585888671875
342374.540154619;-1.1155349731445312;0.28067779541015625;-9.596653747558594
342374.636071367;-1.1944976806640626;0.234735107421875;-9.593544006347656
342374.731988115;-1.2110092163085937;0.320635986328125;-9.630632019042968
342374.827874345;-1.1985687255859374;0.30340728759765623;-9.915858459472656
342374.923791093;-1.2902130126953124;0.28378753662109374;-10.004388427734375
342375.019707841;-1.0997421264648437;0.5807373046875;-9.881637573242188
342375.115594072;-1.3167709350585937;0.730767822265625;-9.94433135986328
342375.21151082;-1.285186767578125;0.6752548217773438;-9.789035034179687
342375.30739705;-1.289013671875;0.5984451293945312;-9.886663818359375
342375.403313799;-1.2964309692382812;0.5838485717773437;-10.018748474121093
342375.499230547;-1.183489990234375;0.7424911499023438;-9.945768737792969
342375.595116777;-1.1511871337890625;0.7542190551757812;-9.940740966796875
342375.691033525;-1.2454635620117187;0.795135498046875;-9.548320007324218
342375.786950273;-1.2823135375976562;0.8659637451171875;-9.564114379882813
342375.882836504;-1.3916656494140625;0.9013763427734375;-9.853404235839843
342375.978722734;-1.2969100952148438;1.041595458984375;-9.881163024902344
342376.07467;-1.2751373291015624;0.9889541625976562;-9.966825866699219
342376.17055623;-1.2603012084960938;0.9870407104492187;-9.931170654296874
342376.266442461;-1.127020263671875;0.8425140380859375;-9.596417236328126
342376.362389726;-1.1676986694335938;0.8839080810546875;-9.507882690429687
342376.458275957;-1.2684371948242188;1.0846649169921876;-9.530853271484375
342376.554162187;-1.3079147338867188;1.0478164672851562;-9.60120086669922
342376.650109453;-1.25048828125;1.0688720703125;-9.6471435546875
342376.746004848;-1.2418777465820312;1.1420944213867188;-9.540184020996094
342376.841921596;-1.2303909301757812;1.1325225830078125;-9.549755859375
342376.937807827;-1.3387863159179687;1.1880355834960938;-9.730653381347656
342377.033724575;-1.3043258666992188;1.1047653198242187;-9.759844970703124
342377.129641323;-1.2557510375976562;1.1612350463867187;-9.658389282226562
342377.225527553;-1.2813568115234375;1.0820343017578125;-9.786883544921874
342377.321444301;-1.1468826293945313;0.9387054443359375;-9.434660339355469
342377.417361049;-1.2607757568359375;0.8544754028320313;-9.499266052246094
342377.51324728;-1.2641281127929687;0.85423583984375;-9.588043212890625
342377.60913351;-1.2705886840820313;1.0265213012695313;-9.57727508544922
342377.705080776;-1.18013916015625;0.8633316040039063;-9.629917907714844
342377.800967006;-1.22943115234375;0.7616363525390625;-9.620823669433594
342377.896853237;-1.3007400512695313;0.90113525390625;-9.511946105957032
342377.992800503;-1.1868408203125;0.8604598999023437;-9.701701354980468
342378.088686733;-1.4289932250976562;0.9899124145507813;-9.847901916503906
342378.184572964;-1.1229522705078125;0.912860107421875;-9.707441711425782
342378.280520229;-1.1404190063476562;0.8889312744140625;-9.663174438476563
342378.37640646;-1.2181869506835938;0.8405975341796875;-9.491131591796876
342378.47229269;-1.2114883422851563;0.9317657470703125;-9.693083190917969
342378.568209438;-1.12294921875;0.6752548217773438;-9.773007202148438
342378.664126186;-1.2323028564453125;0.7630706787109375;-9.972567749023437
342378.760012417;-0.8334213256835937;0.5991653442382813;-9.784970092773438
342378.855929165;-1.0767715454101563;0.6431900024414062;-9.882118225097656
342378.951845913;-1.101654052734375;0.677886962890625;-10.028082275390625
342379.047732143;-0.8882171630859375;0.5941375732421875;-9.845748901367188
342379.143648891;-1.0210189819335938;0.7879562377929688;-10.222615051269532
342379.239565639;-0.8855850219726562;0.9233917236328125;-10.029275512695312
342379.33545187;-0.8798431396484375;0.6874603271484375;-9.628001403808593
342379.431368618;-1.009051513671875;0.803509521484375;-9.654560852050782
342379.527254848;-1.0372879028320312;0.6896102905273438;-9.684951782226562
342379.623171596;-1.0499710083007812;0.5187652587890625;-9.66221923828125
342379.719088344;-1.1224746704101562;0.476409912109375;-9.975199890136718
342379.814974575;-0.999481201171875;0.425921630859375;-9.833543395996093
342379.910891323;-1.0042648315429688;0.6142410278320313;-9.713185119628907
342380.006808071;-0.9272186279296875;0.4895721435546875;-9.376275634765625
342380.102694301;-1.096392822265625;0.4029510498046875;-9.220022583007813
342380.198611049;-0.9592849731445312;0.40175323486328124;-9.154940795898437
342380.294527797;-1.1346755981445313;0.14619903564453124;-9.476055908203126
342380.390414028;-0.9394210815429688;0.15696868896484376;-9.347325134277344
342380.486300258;-1.0136001586914063;0.134954833984375;-9.47342529296875
342380.582247524;-1.0695892333984376;0.23138580322265626;-9.532289123535156
342380.678133755;-0.940618896484375;0.053118896484375;-9.254481506347656
342380.774019985;-1.154779052734375;0.0370880126953125;-9.341580200195313
342380.869967251;-1.15908203125;0.0110076904296875;-9.423173522949218
342380.965853481;-0.9506668090820313;-0.1177276611328125;-9.457630920410157
342381.061739712;-0.9470794677734375;-0.1718048095703125;-9.415521240234375
342381.15765646;-1.1863616943359374;-0.2306671142578125;-9.609577941894532
342381.253573208;-0.9513824462890625;-0.2163116455078125;-9.3104736328125
342381.349459438;-1.0841903686523438;-0.23377838134765624;-9.351150512695312
342381.445376186;-1.21387939453125;-0.229949951171875;-9.412648010253907
342381.541292934;-1.1703292846679687;-0.34025726318359373;-9.5677001953125
342381.637179165;-1.0298721313476562;-0.21463470458984374;-9.683512878417968
342381.733095913;-1.1227142333984375;-0.35030975341796877;-9.571769714355469
342381.829012661;-1.1152938842773437;-0.42377166748046874;-9.466006469726562
342381.924898891;-1.3016937255859375;-0.230426025390625;-9.633744812011718
342382.020815639;-1.21029052734375;-0.20817413330078124;-9.828759765625
342382.11670187;-1.1772659301757813;-0.22061920166015625;-9.814639282226562
342382.212618618;-1.1136184692382813;-0.154815673828125;-9.918968200683594
342382.308535366;-1.1523834228515626;-0.17252349853515625;-9.59114990234375
342382.404421596;-1.2859024047851562;-0.2486114501953125;-9.651210021972656
342382.500338344;-1.2078948974609376;-0.16534423828125;-9.795738220214844
342382.596255092;-1.2148345947265624;-0.10720062255859375;-9.764631652832032
342382.692141323;-1.2201019287109376;-0.09954071044921875;-9.91131134033203
342382.788058071;-1.1566879272460937;-0.2237274169921875;-9.963713073730469
342382.883974819;-1.3359130859375;-0.14644317626953124;-10.085986328125
342382.979861049;-1.15860595703125;-0.089495849609375;-9.7806640625
342383.07574728;-1.173199462890625;-0.0686737060546875;-10.011332702636718
342383.171694546;-1.2277557373046875;0.0555145263671875;-9.98955841064453
342383.267580776;-1.1595626831054688;0.115093994140625;-9.776594543457032
342383.363467006;-1.2212966918945312;-0.08614044189453125;-9.887861633300782
342383.459414272;-1.2725051879882812;0.0373260498046875;-9.882121276855468
342383.555300503;-1.2023941040039063;0.02871246337890625;-9.864170837402344
342383.651186733;-1.2483322143554687;0.07800750732421875;-10.071632385253906
342383.747133999;-1.1985641479492188;0.01292266845703125;-9.869435119628907
342383.843020229;-1.4388046264648438;-0.059820556640625;-9.809855651855468
342383.93890646;-1.3074386596679688;0.12227630615234375;-9.627760314941407
342384.034823208;-1.4146377563476562;0.024884033203125;-9.877096557617188
342384.130739956;-1.2753753662109375;-0.052642822265625;-9.696914672851562
342384.226626186;-1.3995651245117187;-0.04905242919921875;-9.929496765136719
342384.322542934;-1.3605560302734374;0.07896270751953124;-10.021144104003906
342384.418459682;-1.396209716796875;-0.03134613037109375;-9.91824951171875
342384.514345913;-1.2806381225585937;0.07848358154296875;-9.895515441894531
342384.610262661;-1.1231918334960938;0.05431671142578125;-9.759127807617187
342384.706179409;-1.3351959228515624;0.169171142578125;-9.496157836914062
342384.802065639;-1.443829345703125;-0.1574462890625;-9.73065185546875
342384.897982387;-1.06480712890625;-0.14620208740234375;-9.831393432617187
342384.993868618;-1.1480758666992188;0.24694061279296875;-9.813923645019532
342385.089785366;-1.1940185546875;0.21798858642578126;-9.729695129394532
342385.185702114;-1.2894912719726563;0.448175048828125;-9.69787139892578
342385.281588344;-1.1057220458984376;0.33714752197265624;-9.701937866210937
342385.377505092;-1.1959320068359376;0.05407867431640625;-9.650253295898438
342385.47342184;-1.2591018676757812;-0.22205810546875;-9.739265441894531
342385.569308071;-1.1430511474609375;-0.09978179931640625;-9.59593505859375
342385.665224819;-0.9544967651367188;-0.047137451171875;-9.78760223388672
342385.761141567;-0.6288330078125;0.04091644287109375;-9.70672607421875
342385.857027797;-0.5312042236328125;-0.3572479248046875;-9.598329162597656
342385.952914028;-0.330926513671875;-0.34624176025390624;-9.674896240234375
342386.048861294;-0.25076904296875;-0.39003143310546873;-9.493284606933594
342386.144747524;-0.4168304443359375;-0.22731781005859375;-9.682797241210938
342386.240633755;-0.265362548828125;-0.2837890625;-9.580624389648438
342386.33658102;-0.42735595703125;-0.36442718505859373;-9.701699829101562
342386.432467251;-0.421136474609375;-0.5436492919921875;-9.715098571777343
342386.528353481;-0.3172882080078125;-0.5881561279296875;-9.572486877441406
342386.624300747;-0.416351318359375;-0.68291015625;-9.740463256835938
342386.720181854;-0.42616119384765627;-0.838922119140625;-9.816316223144531
342386.816068085;-0.5324020385742188;-0.6654449462890625;-9.816555786132813
342386.91201535;-0.42233123779296877;-0.58504638671875;-9.773486328125
342387.007901581;-0.3428924560546875;-0.37854156494140623;-9.89432373046875
342387.103787811;-0.37040863037109373;-0.8078170776367187;-9.522715759277343
342387.199704559;-0.5292953491210938;-0.9286529541015625;-9.662457275390626
342387.295621307;-0.37017059326171875;-0.6656829833984375;-9.771330261230469
342387.391507538;-0.54293212890625;-0.8920425415039063;-9.735200500488281
342387.487424286;-0.4845458984375;-0.902569580078125;-9.922319030761718
342387.583341034;-0.37375946044921876;-0.7259811401367188;-9.705287170410156
342387.679227264;-0.6068206787109375;-0.5905487060546875;-9.691650390625
342387.775144012;-0.5422119140625;-0.7908279418945312;-9.787362670898437
342387.871030243;-0.62237548828125;-0.8853408813476562;-9.751712036132812
342387.966946991;-0.2048248291015625;-0.6798004150390625;-9.9165771484375
342388.062863739;-0.2079376220703125;-0.8793594360351562;-9.906523132324219
342388.158749969;-0.23282012939453126;-1.05045166015625;-10.023295593261718
342388.254666717;-0.11796722412109376;-0.8475372314453125;-10.01324462890625
342388.350583466;-0.072979736328125;-1.0198196411132812;-9.854124450683594
342388.446469696;-0.08470458984375;-0.9619155883789062;-9.537789916992187
342388.542355926;-0.1567291259765625;-0.8595001220703125;-9.365028381347656
342388.638303192;-0.30460662841796876;-0.8197799682617187;-9.458589172363281
342388.734189423;-0.24335174560546874;-0.8693115234375;-9.400682067871093
342388.830075653;-0.266796875;-1.0238922119140625;-9.626565551757812
342388.926022919;-0.29694976806640627;-0.9085540771484375;-9.890495300292969
342389.021909149;-0.11198577880859376;-0.871466064453125;-9.80172119140625
342389.11779538;-0.3113067626953125;-0.9827316284179688;-9.68519287109375
342389.213742645;-0.25411529541015626;-1.0133590698242188;-9.778030395507812
342389.309628876;-0.368017578125;-0.8654861450195312;-9.799085998535157
342389.405515106;-0.140216064453125;-0.9119049072265625;-9.658868408203125
342389.501431854;-0.12681884765625;-1.0090545654296874;-9.647381591796876
342389.597348602;-0.21798553466796874;-0.994219970703125;-9.434420776367187
342389.693234833;-0.30125732421875;-0.8520843505859375;-9.521041870117188
342389.789182098;-0.15218505859375;-0.812841796875;-9.583255004882812
342389.885068329;-0.383331298828125;-0.7240692138671875;-9.688302612304687
342389.980954559;-0.29168701171875;-0.5891143798828125;-9.4066650390625
342390.076871307;-0.5099105834960938;-0.44099578857421873;-9.371490478515625
342390.172788055;-0.815234375;-0.3957733154296875;-9.440643310546875
342390.268674286;-0.7274185180664062;-0.7403411865234375;-9.315022277832032
342390.364591034;-0.7853240966796875;-0.8685943603515625;-9.684233093261719
342390.460507782;-0.1134185791015625;-0.853521728515625;-9.571771240234375
342390.556394012;0.3184844970703125;-0.9427703857421875;-9.671551513671876
342390.65231076;-0.04378814697265625;-0.9126205444335938;-9.70074005126953
342390.748196991;-0.0897308349609375;-0.5697296142578125;-9.486587524414062
342390.844113739;-0.35270233154296876;-0.6647262573242188;-9.209974670410157
342390.940030487;-0.3984039306640625;-0.4364501953125;-9.833305358886719
342391.035916717;-0.22349090576171876;-0.46899261474609377;-9.468879699707031
342391.131833466;-0.300299072265625;-0.5099105834960938;-9.407382202148437
342391.227750214;-0.4043853759765625;-0.35318145751953123;-9.695956420898437
342391.323636444;-0.35509490966796875;-0.3199188232421875;-9.548799133300781
342391.419553192;-0.5075180053710937;-0.36371002197265623;-9.549755859375
342391.51546994;-0.421136474609375;-0.31010894775390624;-9.244671630859376
342391.611356171;-0.7125823974609375;-0.18735809326171876;-9.489456176757812
342391.707242401;-0.7439285278320312;-0.1261016845703125;-9.814642333984375
342391.803189667;-0.35988006591796873;-0.19956207275390625;-9.600961303710937
342391.899075897;-0.6857818603515625;-0.2344970703125;-9.517453002929688
342391.994962128;-0.7468002319335938;-0.30724029541015624;-9.57559814453125
342392.090909393;-0.6738174438476563;-0.19788818359375;-9.717733764648438
342392.186795624;-0.7051651000976562;-0.1387847900390625;-9.737112426757813
342392.282681854;-0.6194992065429688;0.08446807861328125;-9.675138854980469
342392.37862912;-0.7336380004882812;-0.0349365234375;-9.770372009277343
342392.47451535;-0.6752532958984375;0.07848663330078125;-9.617234802246093
342392.570401581;-0.7281356811523437;0.036370849609375;-9.813206481933594
342392.666318329;-0.5967697143554688;0.10145721435546876;-9.603594970703124
342392.762235077;-0.76666259765625;0.28666229248046876;-9.72586669921875
342392.858121307;-0.7465606689453125;0.30484619140625;-10.029513549804687
342392.954038055;-0.7293319702148438;0.2857025146484375;-9.912985229492188
342393.049954803;-0.5199600219726562;0.32279205322265625;-9.691409301757812
342393.145841034;-0.7532623291015625;0.3151336669921875;-9.593302917480468
342393.241757782;-0.771685791015625;0.13399810791015626;-9.678970336914062
342393.33767453;-0.6391220092773438;0.2562713623046875;-9.68375244140625
342393.43356076;-0.6857833862304688;0.19812774658203125;-9.937869262695312
342393.529477508;-0.70157470703125;0.270867919921875;-10.020420837402344
342393.625363739;-0.5388656616210937;0.049530029296875;-9.879966735839844
342393.721280487;-0.7058807373046875;-0.0906890869140625;-9.664373779296875
342393.817197235;-0.5929412841796875;-0.03852691650390625;-9.58516845703125
342393.913083466;-0.590069580078125;-0.058148193359375;-9.640205383300781
342394.009000214;-0.8049453735351563;-0.0004791259765625;-9.879248046875
342394.104916962;-0.5639877319335938;0.20530242919921876;-9.892884826660156
342394.200803192;-0.5804977416992188;0.07944183349609375;-9.979986572265625
342394.296750458;-0.45080718994140623;-0.04618072509765625;-9.616752624511719
342394.392636688;-0.580499267578125;0.05216522216796875;-9.377232360839844
342394.488522919;-0.6786056518554687;-0.05383758544921875;-9.477731323242187
342394.584439667;-0.7755157470703125;-0.0902099609375;-9.790713500976562
342394.680356415;-0.457269287109375;-0.02895355224609375;-9.745010375976562
342394.776242645;-0.5838485717773437;-0.09667205810546875;-9.898867797851562
342394.872159393;-0.4821533203125;-0.05001068115234375;-9.526068115234375
342394.968076141;-0.6410369873046875;-0.023687744140625;-9.415757751464843
342395.063962372;-0.7441680908203125;-0.13686981201171874;-9.63206787109375
342395.15987912;-0.6104095458984375;-0.025604248046875;-9.711032104492187
342395.25576535;-0.47449798583984376;-0.16319122314453124;-9.78760223388672
342395.351682098;-0.5659027099609375;-0.19668731689453126;-9.60814208984375
342395.447598846;-0.576190185546875;-0.23186492919921875;-9.577032470703125
342395.543485077;-0.514215087890625;-0.24071502685546875;-9.352586364746093
342395.639401825;-0.6996597290039063;-0.20698089599609376;-9.552388000488282
342395.735318573;-0.4077392578125;0.0725006103515625;-9.540184020996094
342395.831204803;-0.7307662963867188;-0.0449859619140625;-9.652407836914062
342395.927121551;-0.42807464599609374;-0.07968292236328126;-9.693563842773438
342396.023038299;-0.5639862060546875;-0.1261016845703125;-9.548800659179687
342396.11892453;-0.6094528198242187;-0.24837646484375;-9.715577697753906
342396.21481076;-0.47353973388671877;-0.11940155029296876;-9.366944885253906
342396.310758026;-0.6955917358398438;-0.01459503173828125;-9.506686401367187
342396.406644257;-0.5376678466796875;-0.0849456787109375;-9.44566650390625
342396.502530487;-0.43310089111328126;-0.11772613525390625;-9.561958312988281
342396.598477753;-0.6573074340820313;-0.15673065185546875;-9.614839172363281
342396.694369266;-0.5249862670898438;-0.11844329833984375;-9.697869873046875
342396.790255497;-0.37495574951171873;0.08662261962890624;-9.378189086914062
342396.886202762;-0.6226119995117188;0.01052703857421875;-9.475100708007812
342396.982088993;-0.49029083251953126;-0.163189697265625;-9.654319763183594
342397.077975223;-0.5647048950195312;-0.10121612548828125;-9.744053649902344
342397.173891971;-0.4307098388671875;-0.1038482666015625;-9.656715393066406
342397.269808719;-0.5063201904296875;-0.1359100341796875;-9.509080505371093
342397.36569495;-0.5515457153320312;-0.1775482177734375;-9.406425476074219
342397.461611698;-0.5639892578125;-0.055035400390625;-9.58277587890625
342397.557528446;-0.5575286865234375;-0.04043731689453125;-9.582540893554688
342397.653414676;-0.5955734252929688;-0.1306488037109375;-9.802676391601562
342397.749331424;-0.3632293701171875;0.007177734375;-9.661978149414063
342397.845248172;-0.647259521484375;0.0296722412109375;-9.467445373535156
342397.941134403;-0.6876983642578125;-0.17946319580078124;-9.608381652832032
342398.037051151;-0.5089523315429687;-0.201715087890625;-9.476774597167969
342398.132937381;-0.64390869140625;-0.01674957275390625;-9.687823486328124
342398.228854129;-0.5675796508789063;-0.15146484375;-9.417669677734375
342398.324770877;-0.6912872314453125;-0.16295318603515624;-9.497831726074219
342398.420657108;-0.7295730590820313;-0.1215545654296875;-9.740463256835938
342398.516573856;-0.6637680053710937;-0.116290283203125;-9.822297668457031
342398.612490604;-0.6211761474609375;-0.1529022216796875;-9.689016723632813
342398.708376834;-0.6233306884765625;-0.13423614501953124;-9.566981506347656
342398.804263065;-0.656829833984375;-0.277325439453125;-9.554063415527343
342398.900210331;-0.7903488159179688;-0.2718231201171875;-9.823492431640625
342398.996096561;-0.5649459838867188;-0.20985260009765624;-9.800523376464843
342399.091982791;-0.662811279296875;-0.21224365234375;-9.619387817382812
342399.187930057;-0.5118240356445313;-0.06532135009765624;-9.335121154785156
342399.283816288;-0.671905517578125;-0.10193328857421875;-9.306407165527343
342399.379702518;-0.7010971069335937;-0.17850189208984374;-9.34468994140625
342399.475649784;-0.7826934814453125;-0.10313262939453124;-9.500941467285156
342399.571536014;-0.51038818359375;-0.00430450439453125;-9.517454528808594
342399.667422245;-0.7752761840820312;-0.1753936767578125;-9.6471435546875
342399.763338993;-0.7140167236328125;0.01699066162109375;-10.209217834472657
342399.859255741;-0.43453521728515626;-0.043072509765625;-9.853404235839843
342399.955141971;-0.6702301025390625;0.02225341796875;-9.703375244140625
342400.051058719;-0.4795196533203125;0.0818359375;-9.501661682128907
342400.146975467;-0.5871978759765625;-0.052880859375;-9.447341918945312
342400.242861698;-0.516131591796875;-0.02751617431640625;-9.432028198242188
342400.338778446;-0.4505706787109375;0.0066986083984375;-9.414085388183594
342400.434664676;-0.7133010864257813;0.07274017333984376;-9.58038330078125
342400.530581424;-0.5735610961914063;0.07920074462890625;-9.582777404785157
342400.626498172;-0.46827545166015627;0.000958251953125;-9.785211181640625
342400.722384403;-0.6273971557617187;0.02751922607421875;-9.614840698242187
342400.818301151;-0.5627914428710937;0.05551300048828125;-9.544252014160156
342400.914217899;-0.64390869140625;-0.19477691650390624;-9.719883728027344
342401.010104129;-0.476171875;0.0382843017578125;-9.599765014648437
342401.106020877;-0.5154159545898438;0.02105712890625;-9.597613525390624
342401.201937625;-0.647021484375;-0.18712005615234376;-9.602876281738281
342401.297823856;-0.6041854858398438;-0.051922607421875;-9.582298278808594
342401.393710086;-0.6034683227539063;-0.16797637939453125;-9.597129821777344
342401.489657352;-0.7561309814453125;-0.00383148193359375;-9.725630187988282
342401.585543582;-0.6113662719726562;0.06005859375;-9.724191284179687
342401.681429813;-0.7125808715820312;-0.0380462646484375;-9.629197692871093
342401.777377079;-0.8214569091796875;-0.0648468017578125;-9.589956665039063
342401.873263309;-0.652044677734375;0.00239105224609375;-9.512907409667969
342401.96914954;-0.839642333984375;0.04402618408203125;-9.620103454589843
342402.065096805;-0.682672119140625;-0.0555145263671875;-9.574398803710938
342402.160983036;-0.6711868286132813;-0.0308685302734375;-9.598808288574219
342402.256869266;-0.8472991943359375;-0.14907379150390626;-9.751470947265625
342402.352786014;-0.65108642578125;-0.093798828125;-9.69835205078125
342402.448702762;-0.6853057861328125;-0.0583831787109375;-9.706245422363281
342402.544588993;-0.8590240478515625;-0.133758544921875;-9.755535888671876
342402.640505741;-0.6977447509765625;-0.04785614013671875;-9.58325653076172
342402.736422489;-0.8587844848632813;-0.02919158935546875;-9.742855834960938
342402.832308719;-0.768096923828125;-0.15744781494140625;-9.727783203125
342402.928225467;-0.8334213256835937;-0.12322845458984374;-9.828518676757813
342403.024111698;-0.7372268676757813;-0.2361724853515625;-9.826605224609375
342403.120028446;-0.8255218505859375;-0.2057830810546875;-9.946963500976562
342403.215945194;-0.5965316772460938;-0.12179107666015625;-9.653605651855468
342403.311831424;-0.9796218872070312;-0.18185577392578126;-9.947682189941407
342403.407748172;-0.5965316772460938;-0.296710205078125;-9.912507629394531
342403.50366492;-0.5618362426757812;-0.1930999755859375;-9.627285766601563
342403.599551151;-0.8597412109375;-0.15338134765625;-9.535159301757812
342403.695437381;-0.7819732666015625;-0.04713897705078125;-9.625128173828125
342403.791384647;-0.73890380859375;-0.08590240478515625;-9.818467712402343
342403.887270877;-0.7738357543945312;-0.12012176513671875;-9.968977355957032
342403.983157108;-0.5481948852539062;-0.15792694091796874;-9.82086181640625
342404.079104374;-0.7721649169921875;-0.12849578857421876;-9.719166564941407
342404.174990604;-0.8319839477539063;-0.10480804443359375;-9.477494812011718
342404.270876834;-0.7771865844726562;0.15577239990234376;-9.476057434082032
342404.3668241;-1.2069412231445313;0.0964324951171875;-9.789279174804687
342404.462710331;-0.9310455322265625;-0.05048675537109375;-9.866087341308594
342404.558596561;-0.9676589965820312;-0.1069580078125;-9.8610595703125
342404.654513309;-1.034893798828125;-0.068914794921875;-9.604310607910156
342404.750430057;-1.1095535278320312;0.11772308349609376;-9.4162353515625
342404.846316288;-1.31126708984375;0.1354339599609375;-9.527262878417968
342404.942233036;-1.2021530151367188;-0.04641876220703125;-9.609814453125
342405.038149784;-1.1784637451171875;0.06556549072265624;-9.422218322753906
342405.134036014;-1.2753753662109375;0.0031097412109375;-9.58349609375
342405.229952762;-1.3306488037109374;-0.00502166748046875;-9.459306335449218
342405.32586951;-1.3741989135742188;-0.0330230712890625;-9.543534851074218
342405.421755741;-1.5041305541992187;0.12849578857421876;-9.409295654296875
342405.517672489;-1.4912063598632812;0.0933197021484375;-9.327462768554687
342405.613558719;-1.7146987915039062;-0.10720062255859375;-9.467919921875
342405.709475467;-1.5069992065429687;-0.044744873046875;-9.5076416015625
342405.805392215;-1.6685165405273437;-0.0356536865234375;-9.566743469238281
342405.901278446;-1.603192138671875;-0.35629119873046877;-9.406427001953125
342405.997195194;-1.5208770751953125;-0.184246826171875;-9.046783447265625
342406.093111942;-1.7505905151367187;-0.2529205322265625;-9.286784362792968
342406.188998172;-1.70081787109375;-0.27565155029296873;-9.363114929199218
342406.284884403;-1.6510467529296875;-0.35102691650390627;-9.399246215820312
342406.380831668;-1.8893722534179687;-0.23473968505859374;-9.82062225341797
342406.476717899;-1.5318862915039062;-0.266082763671875;-9.749317932128907
342406.572604129;-1.71636962890625;-0.4788055419921875;-9.494720458984375
342406.668551264;-1.7003402709960938;-0.5682968139648438;-9.401637268066406
342406.764437494;-1.594097900390625;-0.7298110961914063;-9.254240417480469
342406.860323725;-1.796771240234375;-0.6185455322265625;-9.474140930175782
342406.956240473;-1.6134796142578125;-0.7781448364257812;-9.399966430664062
342407.052157221;-1.8434310913085938;-0.6589813232421875;-9.74405517578125
342407.148043451;-1.5811767578125;-0.3373870849609375;-9.59569854736328
342407.2439602;-1.6895721435546875;-0.6077743530273437;-9.37244873046875
342407.339876948;-1.8331405639648437;-0.7810150146484375;-9.517692565917969
342407.435763178;-1.6371673583984374;-0.7511032104492188;-9.520323181152344
342407.531679926;-1.8539596557617188;-0.8300704956054688;-9.740701293945312
342407.627596674;-1.45244140625;-0.7456039428710938;-9.633743286132812
342407.723482905;-1.8005966186523437;-0.7087554931640625;-9.66341552734375
342407.819399653;-1.4624954223632813;-0.72335205078125;-9.486347961425782
342407.915285883;-1.5658599853515625;-0.6673583984375;-9.462176513671874
342408.011202631;-1.4739776611328126;-0.7616378784179687;-9.677531433105468
342408.107119379;-1.3143768310546875;-0.7554153442382813;-9.888819885253906
342408.20300561;-1.5481582641601563;-0.6790847778320312;-10.0343017578125
342408.298922358;-0.88677978515625;-0.7496688842773438;-9.735200500488281
342408.394839106;-1.16219482421875;-0.8059036254882812;-9.653602600097656
342408.490725336;-1.0856246948242188;-0.6888946533203125;-9.622975158691407
342408.586611567;-1.2239273071289063;-0.6326614379882812;-9.656953430175781
342408.682558832;-1.1459228515625;-0.5828933715820312;-9.755058288574219
342408.778445063;-0.9250656127929687;-0.6058624267578125;-9.685189819335937
342408.874331293;-1.3122238159179687;-0.39625091552734376;-9.702178955078125
342408.970278559;-0.9793838500976563;-0.3378662109375;-9.676095581054687
342409.066164789;-1.3232330322265624;-0.4486541748046875;-9.825169372558594
342409.16205102;-0.90472412109375;-0.5524993896484375;-9.648342895507813
342409.257998285;-1.0832275390625;-0.6486923217773437;-9.460743713378907
342409.353884516;-1.1686538696289062;-0.5505905151367188;-9.564595031738282
342409.449770746;-0.9789031982421875;-0.48119659423828126;-9.642359924316406
342409.545687494;-1.0901687622070313;-0.19214324951171874;-9.854603576660157
342409.641604243;-0.8298324584960938;-0.27158355712890625;-9.589955139160157
342409.737490473;-0.9327224731445313;-0.27134552001953127;-9.768218994140625
342409.833407221;-0.8111663818359375;-0.5309646606445313;-9.563154602050782
342409.929323969;-0.7494338989257813;-0.6817138671875;-9.604310607910156
342410.0252102;-0.5668563842773438;-0.3950531005859375;-9.503094482421876
342410.121126948;-0.4326202392578125;-0.3282958984375;-9.627522277832032
342410.217013178;-0.4436279296875;-0.1785064697265625;-9.567227172851563
342410.312929926;-0.42448577880859373;-0.29790802001953126;-9.519847106933593
342410.408846674;-0.45200347900390625;-0.27589263916015627;-9.525347900390624
342410.504732905;-0.469952392578125;-0.3007781982421875;-9.557890319824219
342410.600649653;-0.6080154418945313;-0.22875213623046875;-9.700982666015625
342410.696566401;-0.47018890380859374;-0.1952545166015625;-9.690213012695313
342410.792452631;-0.8463409423828125;-0.51038818359375;-9.806983947753906
342410.888369379;-0.6046676635742188;-0.373040771484375;-9.666047668457031
342410.984286127;-0.5898300170898437;-0.4912445068359375;-9.446626281738281
342411.080172358;-0.669268798828125;-0.6070602416992188;-9.383454895019531
342411.176058588;-0.7558914184570312;-0.5496322631835937;-9.503573608398437
342411.272005854;-0.6867392403738839;-0.48266819545200895;-9.430454799107142
